{
  "type": "FeatureCollection",
  "generator": "overpass-turbo",
  "copyright": "The data included in this document is from www.openstreetmap.org. The data is made available under ODbL.",
  "timestamp": "2026-08-21T20:40:36Z",
  "features": [
    {
      "type": "Feature",
      "properties": {
        "@id": "way/45035160",
        "destination": "Płoty",
        "destination:colour:back": "green",
        "destination:colour:ref": "yellow",
        "destination:colour:text": "white",
        "destination:ref": "112",
        "highway": "secondary",
        "highway:category:pl": "4",
        "lanes": "1",
        "lit": "yes",
        "maxaxleload": "11.5",
        "maxspeed": "90",
        "maxspeed:bus": "70",
        "maxspeed:hgv": "70",
        "maxspeed:trailer": "70",
        "old_ref": "6",
        "oneway": "yes",
        "ref": "112",
        "source:maxaxleload": "Dz.U. 2011 nr 222 poz. 1321 Art. 2 pkt. 11",
        "source:maxspeed": "PL:rural",
        "surface": "asphalt"
      },
      "geometry": {
        "type": "LineString",
        "coordinates": [
          [
            15.8915124,
            54.0306655
          ],
          [
            15.8913465,
            54.0305384
          ],
          [
            15.8913323,
            54.0305275
          ],
          [
            15.8911212,
            54.0303658
          ],
          [
            15.8907548,
            54.0300967
          ],
          [
            15.8906228,
            54.0299646
          ]
        ]
      },
      "id": "way/45035160"
    },
    {
      "type": "Feature",
      "properties": {
        "@id": "way/120556010",
        "highway": "track"
      },
      "geometry": {
        "type": "LineString",
        "coordinates": [
          [
            15.876951,
            54.0273174
          ],
          [
            15.8772127,
            54.0273101
          ],
          [
            15.879306,
            54.0273468
          ],
          [
            15.8794348,
            54.0273279
          ],
          [
            15.8794911,
            54.0272735
          ],
          [
            15.8794952,
            54.0271884
          ],
          [
            15.8792541,
            54.0266857
          ],
          [
            15.8790891,
            54.0264233
          ],
          [
            15.8790811,
            54.0263122
          ],
          [
            15.8794554,
            54.0254161
          ]
        ]
      },
      "id": "way/120556010"
    },
    {
      "type": "Feature",
      "properties": {
        "@id": "way/120556011",
        "destination": "Karlino",
        "destination:colour:back": "green",
        "destination:colour:text": "white",
        "highway": "tertiary",
        "lanes": "1",
        "lit": "yes",
        "maxspeed:type": "PL:rural",
        "noname": "yes",
        "oneway": "yes",
        "sidewalk": "no",
        "surface": "asphalt"
      },
      "geometry": {
        "type": "LineString",
        "coordinates": [
          [
            15.89161,
            54.0307357
          ],
          [
            15.8914805,
            54.0307948
          ],
          [
            15.8913934,
            54.0308265
          ],
          [
            15.8912809,
            54.0308592
          ],
          [
            15.8911508,
            54.0308861
          ]
        ]
      },
      "id": "way/120556011"
    },
    {
      "type": "Feature",
      "properties": {
        "@id": "way/120556012",
        "highway": "secondary",
        "highway:category:pl": "2",
        "lanes": "1",
        "lit": "yes",
        "maxaxleload": "10",
        "maxspeed": "90",
        "maxspeed:bus": "70",
        "maxspeed:hgv": "70",
        "maxspeed:trailer": "70",
        "oneway": "yes",
        "ref": "163",
        "source:maxaxleload": "Rozporządzenie Ministra Transportu, Budownictwa i Gospodarki Morskiej z dnia 6 września 2012 r",
        "source:maxaxleload:url": "http://dziennikustaw.gov.pl/du/2012/1061/D2012000106101.pdf",
        "source:maxspeed": "PL:rural",
        "surface": "asphalt"
      },
      "geometry": {
        "type": "LineString",
        "coordinates": [
          [
            15.8915983,
            54.0306215
          ],
          [
            15.8917529,
            54.0305564
          ],
          [
            15.8918395,
            54.03053
          ],
          [
            15.8918531,
            54.0305259
          ],
          [
            15.8921057,
            54.0304725
          ]
        ]
      },
      "id": "way/120556012"
    },
    {
      "type": "Feature",
      "properties": {
        "@id": "way/120556038",
        "highway": "secondary",
        "highway:category:pl": "4",
        "lanes": "2",
        "lit": "no",
        "maxaxleload": "11.5",
        "maxspeed": "90",
        "maxspeed:bus": "70",
        "maxspeed:hgv": "70",
        "maxspeed:trailer": "70",
        "old_ref": "6",
        "ref": "112",
        "source:maxaxleload": "Dz.U. 2011 nr 222 poz. 1321 Art. 2 pkt. 11",
        "source:maxspeed": "PL:rural",
        "surface": "asphalt"
      },
      "geometry": {
        "type": "LineString",
        "coordinates": [
          [
            15.890304,
            54.0297741
          ],
          [
            15.8898021,
            54.0294923
          ],
          [
            15.889527,
            54.02935
          ],
          [
            15.8892507,
            54.0292152
          ],
          [
            15.8888608,
            54.0290413
          ],
          [
            15.888468,
            54.0288751
          ],
          [
            15.8881631,
            54.0287582
          ],
          [
            15.887857,
            54.0286473
          ],
          [
            15.8875378,
            54.0285389
          ],
          [
            15.8872155,
            54.0284377
          ],
          [
            15.8867737,
            54.0283085
          ],
          [
            15.8863335,
            54.028194
          ],
          [
            15.8858999,
            54.0280928
          ],
          [
            15.8854722,
            54.0280043
          ],
          [
            15.884942,
            54.0279089
          ],
          [
            15.8844042,
            54.0278272
          ],
          [
            15.883311,
            54.0277066
          ],
          [
            15.8822128,
            54.0276445
          ],
          [
            15.873293,
            54.0274357
          ]
        ]
      },
      "id": "way/120556038"
    },
    {
      "type": "Feature",
      "properties": {
        "@id": "way/120556042",
        "highway": "secondary",
        "lanes": "1",
        "lit": "yes",
        "maxaxleload": "11.5",
        "maxspeed": "90",
        "maxspeed:bus": "70",
        "maxspeed:hgv": "70",
        "maxspeed:trailer": "70",
        "old_ref": "6",
        "oneway": "yes",
        "ref": "112",
        "source:maxaxleload": "Dz.U. 2011 nr 222 poz. 1321 Art. 2 pkt. 11",
        "source:maxspeed": "PL:rural",
        "surface": "asphalt"
      },
      "geometry": {
        "type": "LineString",
        "coordinates": [
          [
            15.8915983,
            54.0306215
          ],
          [
            15.8916941,
            54.0306986
          ]
        ]
      },
      "id": "way/120556042"
    },
    {
      "type": "Feature",
      "properties": {
        "@id": "way/120556043",
        "destination": "Koszalin;Kołobrzeg",
        "destination:colour:back": "green",
        "destination:colour:ref": "yellow",
        "destination:colour:text": "white",
        "destination:ref": "112",
        "highway": "secondary_link",
        "highway:category:pl": "2",
        "lanes": "1",
        "lit": "yes",
        "maxaxleload": "10",
        "maxspeed": "50",
        "oneway": "yes",
        "source:maxaxleload": "Rozporządzenie Ministra Transportu, Budownictwa i Gospodarki Morskiej z dnia 6 września 2012 r",
        "source:maxaxleload:url": "http://dziennikustaw.gov.pl/du/2012/1061/D2012000106101.pdf",
        "source:maxspeed": "sign",
        "surface": "asphalt",
        "turn:lanes": "right"
      },
      "geometry": {
        "type": "LineString",
        "coordinates": [
          [
            15.8919297,
            54.0305948
          ],
          [
            15.8918885,
            54.0306472
          ],
          [
            15.89186,
            54.0307111
          ],
          [
            15.8918568,
            54.0307379
          ],
          [
            15.8918694,
            54.0307791
          ],
          [
            15.8919063,
            54.0308223
          ],
          [
            15.89197,
            54.0308791
          ],
          [
            15.8920094,
            54.0309289
          ]
        ]
      },
      "id": "way/120556043"
    },
    {
      "type": "Feature",
      "properties": {
        "@id": "way/120620922",
        "highway": "residential"
      },
      "geometry": {
        "type": "LineString",
        "coordinates": [
          [
            15.8991076,
            54.0296634
          ],
          [
            15.8992335,
            54.0291886
          ],
          [
            15.8996707,
            54.0284142
          ],
          [
            15.9000749,
            54.0277799
          ],
          [
            15.9001257,
            54.0276275
          ],
          [
            15.9001411,
            54.0275814
          ],
          [
            15.9001463,
            54.0274707
          ],
          [
            15.9001395,
            54.0274415
          ],
          [
            15.9001299,
            54.0274002
          ],
          [
            15.9000821,
            54.0272557
          ],
          [
            15.9000863,
            54.0271259
          ],
          [
            15.9001644,
            54.0269321
          ],
          [
            15.9003796,
            54.026445
          ],
          [
            15.9008037,
            54.0259469
          ],
          [
            15.9009066,
            54.0258362
          ],
          [
            15.9013459,
            54.0253637
          ],
          [
            15.9015868,
            54.0251046
          ],
          [
            15.9017629,
            54.0249273
          ],
          [
            15.9019392,
            54.0248359
          ],
          [
            15.9022358,
            54.0247487
          ],
          [
            15.90246,
            54.0247015
          ],
          [
            15.9027901,
            54.0246327
          ],
          [
            15.9030105,
            54.0245241
          ],
          [
            15.9031225,
            54.0243979
          ],
          [
            15.9033146,
            54.0241371
          ],
          [
            15.9034273,
            54.0236506
          ],
          [
            15.9036262,
            54.023196
          ],
          [
            15.9037137,
            54.0230283
          ],
          [
            15.9038895,
            54.022718
          ],
          [
            15.9044211,
            54.0217941
          ]
        ]
      },
      "id": "way/120620922"
    },
    {
      "type": "Feature",
      "properties": {
        "@id": "way/120620925",
        "highway": "residential"
      },
      "geometry": {
        "type": "LineString",
        "coordinates": [
          [
            15.8978188,
            54.0301342
          ],
          [
            15.8978,
            54.0310281
          ]
        ]
      },
      "id": "way/120620925"
    },
    {
      "type": "Feature",
      "properties": {
        "@id": "way/147544026",
        "bridge": "viaduct",
        "highway": "secondary",
        "highway:category:pl": "2",
        "lanes": "2",
        "layer": "1",
        "lit": "no",
        "maxaxleload": "11.5",
        "maxspeed": "90",
        "maxspeed:bus": "70",
        "maxspeed:hgv": "70",
        "maxspeed:trailer": "70",
        "old_ref": "6",
        "overtaking": "no",
        "ref": "112;163",
        "source:maxaxleload": "Dz.U. 2011 nr 222 poz. 1321 Art. 2 pkt. 11",
        "source:maxspeed": "PL:rural",
        "surface": "asphalt"
      },
      "geometry": {
        "type": "LineString",
        "coordinates": [
          [
            15.8960535,
            54.034591
          ],
          [
            15.8959275,
            54.0344193
          ],
          [
            15.8958575,
            54.0343316
          ],
          [
            15.8957985,
            54.0342563
          ],
          [
            15.8957314,
            54.0341748
          ],
          [
            15.8956616,
            54.0340918
          ]
        ]
      },
      "id": "way/147544026"
    },
    {
      "type": "Feature",
      "properties": {
        "@id": "way/147544027",
        "highway": "secondary",
        "highway:category:pl": "2",
        "lanes": "2",
        "lit": "no",
        "maxaxleload": "11.5",
        "maxspeed": "90",
        "maxspeed:bus": "70",
        "maxspeed:hgv": "70",
        "maxspeed:trailer": "70",
        "old_ref": "6",
        "overtaking": "both",
        "ref": "112;163",
        "source:maxaxleload": "Dz.U. 2011 nr 222 poz. 1321 Art. 2 pkt. 11",
        "source:maxspeed": "PL:rural",
        "surface": "asphalt"
      },
      "geometry": {
        "type": "LineString",
        "coordinates": [
          [
            15.8956616,
            54.0340918
          ],
          [
            15.895451,
            54.0338527
          ],
          [
            15.8952955,
            54.0336863
          ],
          [
            15.8951728,
            54.0335614
          ],
          [
            15.8950332,
            54.0334243
          ],
          [
            15.894899,
            54.0332972
          ],
          [
            15.8947271,
            54.0331415
          ]
        ]
      },
      "id": "way/147544027"
    },
    {
      "type": "Feature",
      "properties": {
        "@id": "way/163575110",
        "highway": "secondary",
        "highway:category:pl": "2",
        "lanes": "2",
        "lit": "no",
        "maxaxleload": "11.5",
        "maxspeed": "90",
        "maxspeed:bus": "70",
        "maxspeed:hgv": "70",
        "maxspeed:trailer": "70",
        "old_ref": "6",
        "ref": "112;163",
        "source:maxaxleload": "Dz.U. 2011 nr 222 poz. 1321 Art. 2 pkt. 11",
        "source:maxspeed": "PL:rural",
        "surface": "asphalt"
      },
      "geometry": {
        "type": "LineString",
        "coordinates": [
          [
            15.8991326,
            54.0447498
          ],
          [
            15.8990948,
            54.0446768
          ],
          [
            15.8990524,
            54.0445943
          ],
          [
            15.8990117,
            54.0445149
          ],
          [
            15.8989727,
            54.0444269
          ],
          [
            15.8989313,
            54.0443333
          ],
          [
            15.8988938,
            54.0442435
          ],
          [
            15.8988571,
            54.0441507
          ],
          [
            15.8988191,
            54.04405
          ],
          [
            15.8987838,
            54.0439523
          ],
          [
            15.8987457,
            54.0438471
          ],
          [
            15.8987095,
            54.0437387
          ],
          [
            15.8986788,
            54.0436416
          ],
          [
            15.898645,
            54.0435306
          ],
          [
            15.8986194,
            54.0434439
          ],
          [
            15.8985955,
            54.0433609
          ],
          [
            15.8985755,
            54.0432747
          ],
          [
            15.8985496,
            54.0431777
          ],
          [
            15.8985292,
            54.0430952
          ],
          [
            15.8984939,
            54.0429572
          ],
          [
            15.8984488,
            54.0427575
          ],
          [
            15.8983284,
            54.0422333
          ],
          [
            15.898212,
            54.041695
          ],
          [
            15.8978582,
            54.0400854
          ],
          [
            15.8977114,
            54.0394131
          ],
          [
            15.8972552,
            54.0373516
          ],
          [
            15.8972049,
            54.0371441
          ],
          [
            15.8971639,
            54.0369733
          ],
          [
            15.8971298,
            54.0368391
          ],
          [
            15.8970679,
            54.0366247
          ],
          [
            15.897034,
            54.0365161
          ],
          [
            15.8970008,
            54.0364133
          ],
          [
            15.896965,
            54.036309
          ],
          [
            15.8969192,
            54.0361832
          ],
          [
            15.8968811,
            54.0360806
          ],
          [
            15.8968373,
            54.0359736
          ],
          [
            15.8967919,
            54.0358686
          ],
          [
            15.8967397,
            54.0357537
          ],
          [
            15.8966911,
            54.0356499
          ],
          [
            15.8966186,
            54.0355039
          ],
          [
            15.8965516,
            54.0353784
          ],
          [
            15.8964914,
            54.0352674
          ],
          [
            15.8964307,
            54.035165
          ],
          [
            15.8963597,
            54.0350468
          ],
          [
            15.8962576,
            54.0348872
          ],
          [
            15.8961608,
            54.0347432
          ],
          [
            15.8960535,
            54.034591
          ]
        ]
      },
      "id": "way/163575110"
    },
    {
      "type": "Feature",
      "properties": {
        "@id": "way/164441230",
        "cycleway:both": "no",
        "highway": "tertiary",
        "lanes": "2",
        "lit": "no",
        "maxspeed": "40",
        "maxspeed:type": "sign",
        "name": "Białogardzka",
        "sidewalk:left": "no",
        "sidewalk:right": "separate",
        "surface": "asphalt"
      },
      "geometry": {
        "type": "LineString",
        "coordinates": [
          [
            15.8796314,
            54.0320395
          ],
          [
            15.8798296,
            54.0319253
          ],
          [
            15.8806253,
            54.0314667
          ],
          [
            15.8818993,
            54.0307434
          ],
          [
            15.8820832,
            54.0306547
          ],
          [
            15.8823754,
            54.0305251
          ],
          [
            15.8826531,
            54.0304232
          ],
          [
            15.882968,
            54.0303316
          ]
        ]
      },
      "id": "way/164441230"
    },
    {
      "type": "Feature",
      "properties": {
        "@id": "way/173258973",
        "highway": "secondary",
        "highway:category:pl": "2",
        "lanes": "1",
        "lit": "yes",
        "maxspeed": "50",
        "maxspeed:type": "PL:rural",
        "oneway": "yes",
        "source:maxspeed": "sign",
        "surface": "asphalt"
      },
      "geometry": {
        "type": "LineString",
        "coordinates": [
          [
            15.8916941,
            54.0306986
          ],
          [
            15.89161,
            54.0307357
          ]
        ]
      },
      "id": "way/173258973"
    },
    {
      "type": "Feature",
      "properties": {
        "@id": "way/173258982",
        "destination": "Koszalin;Kołobrzeg",
        "destination:colour:back": "green",
        "destination:colour:ref": "yellow",
        "destination:colour:text": "white",
        "destination:ref": "112",
        "highway": "secondary",
        "lanes": "1",
        "lit": "yes",
        "maxaxleload": "11.5",
        "maxspeed": "70",
        "old_ref": "6",
        "oneway": "yes",
        "ref": "112",
        "source:maxaxleload": "Dz.U. 2011 nr 222 poz. 1321 Art. 2 pkt. 11",
        "source:maxspeed": "sign",
        "surface": "asphalt"
      },
      "geometry": {
        "type": "LineString",
        "coordinates": [
          [
            15.8916941,
            54.0306986
          ],
          [
            15.8918163,
            54.0307978
          ],
          [
            15.8920094,
            54.0309289
          ]
        ]
      },
      "id": "way/173258982"
    },
    {
      "type": "Feature",
      "properties": {
        "@id": "way/229473880",
        "highway": "tertiary",
        "lit": "yes",
        "maxspeed": "70",
        "maxspeed:type": "sign",
        "name": "Białogardzka",
        "sidewalk:left": "no",
        "sidewalk:right": "separate",
        "surface": "asphalt"
      },
      "geometry": {
        "type": "LineString",
        "coordinates": [
          [
            15.882968,
            54.0303316
          ],
          [
            15.8834034,
            54.0302554
          ],
          [
            15.8836891,
            54.0302247
          ],
          [
            15.8839747,
            54.0301998
          ],
          [
            15.8845047,
            54.0301669
          ],
          [
            15.8850463,
            54.0301501
          ],
          [
            15.8858192,
            54.0301513
          ],
          [
            15.8881114,
            54.0301549
          ],
          [
            15.8883511,
            54.0301699
          ],
          [
            15.8885762,
            54.0302009
          ],
          [
            15.8886518,
            54.030221
          ]
        ]
      },
      "id": "way/229473880"
    },
    {
      "type": "Feature",
      "properties": {
        "@id": "way/253311215",
        "cycleway:both": "no",
        "highway": "tertiary",
        "lanes": "2",
        "lit": "yes",
        "maxspeed:type": "PL:rural",
        "name": "Białogardzka",
        "sidewalk": "no",
        "surface": "asphalt"
      },
      "geometry": {
        "type": "LineString",
        "coordinates": [
          [
            15.8886518,
            54.030221
          ],
          [
            15.8887862,
            54.0302567
          ],
          [
            15.8889736,
            54.0303287
          ],
          [
            15.889099,
            54.0303887
          ],
          [
            15.8892194,
            54.0304534
          ],
          [
            15.8894475,
            54.0305915
          ],
          [
            15.8895646,
            54.0306623
          ],
          [
            15.8899144,
            54.0308755
          ],
          [
            15.8900088,
            54.0309199
          ],
          [
            15.8901014,
            54.0309527
          ],
          [
            15.8902578,
            54.0309938
          ],
          [
            15.8903947,
            54.0310117
          ],
          [
            15.8904992,
            54.0310156
          ],
          [
            15.8906064,
            54.031017
          ],
          [
            15.8906995,
            54.0310082
          ],
          [
            15.8907813,
            54.030998
          ],
          [
            15.8908759,
            54.0309781
          ],
          [
            15.8909553,
            54.0309593
          ],
          [
            15.8910362,
            54.0309331
          ],
          [
            15.8911508,
            54.0308861
          ]
        ]
      },
      "id": "way/253311215"
    },
    {
      "type": "Feature",
      "properties": {
        "@id": "way/253311225",
        "foot": "yes",
        "highway": "cycleway",
        "lit": "no",
        "smoothness": "excellent",
        "surface": "asphalt"
      },
      "geometry": {
        "type": "LineString",
        "coordinates": [
          [
            15.8915029,
            54.0304556
          ],
          [
            15.8915631,
            54.0304312
          ],
          [
            15.8916285,
            54.0304082
          ],
          [
            15.8917795,
            54.0303718
          ],
          [
            15.8920518,
            54.0303081
          ],
          [
            15.8926267,
            54.0301674
          ],
          [
            15.8927494,
            54.0301254
          ],
          [
            15.8929053,
            54.0300503
          ],
          [
            15.8929768,
            54.0300338
          ],
          [
            15.894063,
            54.0300278
          ],
          [
            15.8959721,
            54.0300233
          ],
          [
            15.8973404,
            54.0300209
          ],
          [
            15.8976092,
            54.0300318
          ],
          [
            15.8978209,
            54.0300559
          ]
        ]
      },
      "id": "way/253311225"
    },
    {
      "type": "Feature",
      "properties": {
        "@id": "way/253311232",
        "bicycle": "no",
        "highway": "secondary",
        "highway:category:pl": "2",
        "lanes": "2",
        "lit": "yes",
        "maxaxleload": "10",
        "maxspeed:backward": "90",
        "maxspeed:bus:backward": "70",
        "maxspeed:forward": "50",
        "maxspeed:hgv:backward": "70",
        "maxspeed:trailer:backward": "70",
        "ref": "163",
        "source:maxaxleload": "Rozporządzenie Ministra Transportu, Budownictwa i Gospodarki Morskiej z dnia 6 września 2012 r",
        "source:maxaxleload:url": "http://dziennikustaw.gov.pl/du/2012/1061/D2012000106101.pdf",
        "source:maxspeed:backward": "PL:rural",
        "source:maxspeed:forward": "sign",
        "surface": "asphalt"
      },
      "geometry": {
        "type": "LineString",
        "coordinates": [
          [
            15.8936582,
            54.0301406
          ],
          [
            15.8935357,
            54.0301411
          ],
          [
            15.8934151,
            54.0301432
          ],
          [
            15.8933214,
            54.0301461
          ],
          [
            15.8932393,
            54.0301508
          ],
          [
            15.8931703,
            54.0301557
          ],
          [
            15.8930992,
            54.030163
          ],
          [
            15.8930488,
            54.0301686
          ],
          [
            15.8929921,
            54.030176
          ],
          [
            15.8929459,
            54.0301834
          ],
          [
            15.8928966,
            54.0301923
          ],
          [
            15.8928623,
            54.0301995
          ],
          [
            15.8928084,
            54.030212
          ],
          [
            15.8927628,
            54.0302229
          ],
          [
            15.8927179,
            54.0302348
          ],
          [
            15.8926365,
            54.0302621
          ]
        ]
      },
      "id": "way/253311232"
    },
    {
      "type": "Feature",
      "properties": {
        "@id": "way/253311233",
        "bicycle": "no",
        "highway": "secondary",
        "highway:category:pl": "2",
        "lanes": "2",
        "lit": "yes",
        "maxaxleload": "10",
        "maxspeed": "50",
        "ref": "163",
        "source:maxaxleload": "Rozporządzenie Ministra Transportu, Budownictwa i Gospodarki Morskiej z dnia 6 września 2012 r",
        "source:maxaxleload:url": "http://dziennikustaw.gov.pl/du/2012/1061/D2012000106101.pdf",
        "source:maxspeed": "PL:urban",
        "surface": "asphalt"
      },
      "geometry": {
        "type": "LineString",
        "coordinates": [
          [
            15.9023228,
            54.030046
          ],
          [
            15.9021369,
            54.030073
          ],
          [
            15.9020596,
            54.030082
          ],
          [
            15.9020332,
            54.0300851
          ],
          [
            15.9019524,
            54.0300945
          ],
          [
            15.9018362,
            54.0301023
          ],
          [
            15.9017311,
            54.0301098
          ],
          [
            15.9016282,
            54.0301155
          ],
          [
            15.9015153,
            54.0301204
          ],
          [
            15.9013786,
            54.030124
          ],
          [
            15.900479,
            54.0301282
          ],
          [
            15.8992561,
            54.0301331
          ],
          [
            15.8991171,
            54.0301323
          ],
          [
            15.899072,
            54.0301322
          ],
          [
            15.8978188,
            54.0301342
          ]
        ]
      },
      "id": "way/253311233"
    },
    {
      "type": "Feature",
      "properties": {
        "@id": "way/259128971",
        "highway": "residential",
        "surface": "ground",
        "tracktype": "grade2"
      },
      "geometry": {
        "type": "LineString",
        "coordinates": [
          [
            15.905958,
            54.018858
          ],
          [
            15.9064528,
            54.0184325
          ],
          [
            15.9068099,
            54.0180519
          ],
          [
            15.9072078,
            54.0175963
          ],
          [
            15.9074628,
            54.0170381
          ],
          [
            15.9077968,
            54.0163367
          ]
        ]
      },
      "id": "way/259128971"
    },
    {
      "type": "Feature",
      "properties": {
        "@id": "way/259128973",
        "highway": "track",
        "tracktype": "grade5"
      },
      "geometry": {
        "type": "LineString",
        "coordinates": [
          [
            15.8894355,
            54.0195382
          ],
          [
            15.8889566,
            54.0189755
          ],
          [
            15.8886573,
            54.0187439
          ],
          [
            15.8873453,
            54.0182046
          ],
          [
            15.8864773,
            54.0179966
          ],
          [
            15.8858687,
            54.0179995
          ],
          [
            15.884851,
            54.0180112
          ],
          [
            15.8841377,
            54.0181284
          ],
          [
            15.8837871,
            54.0181312
          ],
          [
            15.8835525,
            54.0180443
          ],
          [
            15.8827567,
            54.0174989
          ]
        ]
      },
      "id": "way/259128973"
    },
    {
      "type": "Feature",
      "properties": {
        "@id": "way/259128975",
        "highway": "track",
        "tracktype": "grade3"
      },
      "geometry": {
        "type": "LineString",
        "coordinates": [
          [
            15.905958,
            54.018858
          ],
          [
            15.9058913,
            54.0186902
          ],
          [
            15.9051725,
            54.0178151
          ],
          [
            15.9046675,
            54.0172547
          ],
          [
            15.9042849,
            54.0165384
          ],
          [
            15.9033667,
            54.0147551
          ],
          [
            15.9032596,
            54.0146502
          ],
          [
            15.9024435,
            54.0131245
          ],
          [
            15.9021833,
            54.012579
          ],
          [
            15.9021476,
            54.0122313
          ],
          [
            15.9020354,
            54.0121234
          ],
          [
            15.9018365,
            54.0120605
          ]
        ]
      },
      "id": "way/259128975"
    },
    {
      "type": "Feature",
      "properties": {
        "@id": "way/259128977",
        "highway": "track",
        "tracktype": "grade3"
      },
      "geometry": {
        "type": "LineString",
        "coordinates": [
          [
            15.9018365,
            54.0120605
          ],
          [
            15.9006989,
            54.0121744
          ],
          [
            15.8994747,
            54.0122523
          ],
          [
            15.89924,
            54.0122193
          ],
          [
            15.8991176,
            54.0121294
          ],
          [
            15.8987861,
            54.0117787
          ],
          [
            15.898077,
            54.0109034
          ],
          [
            15.8980413,
            54.0106666
          ],
          [
            15.8981382,
            54.0097134
          ],
          [
            15.8983525,
            54.0084784
          ],
          [
            15.8984863,
            54.007606
          ]
        ]
      },
      "id": "way/259128977"
    },
    {
      "type": "Feature",
      "properties": {
        "@id": "way/259128980",
        "highway": "track",
        "tracktype": "grade3"
      },
      "geometry": {
        "type": "LineString",
        "coordinates": [
          [
            15.9065818,
            54.0232172
          ],
          [
            15.9067913,
            54.0231996
          ],
          [
            15.9069858,
            54.0231234
          ],
          [
            15.9073949,
            54.0229563
          ],
          [
            15.9076393,
            54.0229007
          ],
          [
            15.9081681,
            54.0228362
          ],
          [
            15.9094302,
            54.0227277
          ],
          [
            15.9102483,
            54.0225695
          ],
          [
            15.9106524,
            54.0224405
          ]
        ]
      },
      "id": "way/259128980"
    },
    {
      "type": "Feature",
      "properties": {
        "@id": "way/259128982",
        "highway": "track"
      },
      "geometry": {
        "type": "LineString",
        "coordinates": [
          [
            15.8966641,
            54.0208779
          ],
          [
            15.8967049,
            54.0204494
          ],
          [
            15.8967202,
            54.0202486
          ],
          [
            15.8966385,
            54.019877
          ],
          [
            15.8965161,
            54.0195863
          ],
          [
            15.8962458,
            54.0192866
          ],
          [
            15.8956949,
            54.0187861
          ],
          [
            15.8943111,
            54.017498
          ],
          [
            15.8935408,
            54.0172123
          ],
          [
            15.8910465,
            54.0165401
          ]
        ]
      },
      "id": "way/259128982"
    },
    {
      "type": "Feature",
      "properties": {
        "@id": "way/259128992",
        "highway": "service",
        "service": "driveway",
        "surface": "asphalt",
        "tracktype": "grade1"
      },
      "geometry": {
        "type": "LineString",
        "coordinates": [
          [
            15.9118239,
            54.0268892
          ],
          [
            15.9126281,
            54.0272477
          ],
          [
            15.9131266,
            54.0274557
          ],
          [
            15.9132126,
            54.0274998
          ],
          [
            15.9132363,
            54.0275135
          ],
          [
            15.9132979,
            54.0276101
          ]
        ]
      },
      "id": "way/259128992"
    },
    {
      "type": "Feature",
      "properties": {
        "@id": "way/259128994",
        "highway": "residential",
        "tracktype": "grade1"
      },
      "geometry": {
        "type": "LineString",
        "coordinates": [
          [
            15.9015868,
            54.0251046
          ],
          [
            15.89836,
            54.0238902
          ],
          [
            15.8966702,
            54.0235653
          ],
          [
            15.8965442,
            54.0235268
          ],
          [
            15.8946821,
            54.0228162
          ],
          [
            15.8934474,
            54.022345
          ],
          [
            15.8925434,
            54.022
          ]
        ]
      },
      "id": "way/259128994"
    },
    {
      "type": "Feature",
      "properties": {
        "@id": "way/259128998",
        "highway": "track",
        "tracktype": "grade5"
      },
      "geometry": {
        "type": "LineString",
        "coordinates": [
          [
            15.9106524,
            54.0224405
          ],
          [
            15.9111163,
            54.0221035
          ],
          [
            15.9117499,
            54.0216288
          ],
          [
            15.9142142,
            54.0202484
          ],
          [
            15.9148677,
            54.0197033
          ],
          [
            15.9143888,
            54.0192255
          ]
        ]
      },
      "id": "way/259128998"
    },
    {
      "type": "Feature",
      "properties": {
        "@id": "way/259129000",
        "highway": "track",
        "tracktype": "grade2"
      },
      "geometry": {
        "type": "LineString",
        "coordinates": [
          [
            15.8925434,
            54.022
          ],
          [
            15.892284,
            54.0218593
          ],
          [
            15.8916504,
            54.0216806
          ],
          [
            15.891401,
            54.0215282
          ],
          [
            15.8908173,
            54.0210768
          ],
          [
            15.8899792,
            54.0201097
          ],
          [
            15.8894355,
            54.0195382
          ]
        ]
      },
      "id": "way/259129000"
    },
    {
      "type": "Feature",
      "properties": {
        "@id": "way/259129002",
        "highway": "residential",
        "surface": "gravel",
        "tracktype": "grade2"
      },
      "geometry": {
        "type": "LineString",
        "coordinates": [
          [
            15.9044211,
            54.0217941
          ],
          [
            15.9045145,
            54.0216361
          ],
          [
            15.9046675,
            54.0212525
          ],
          [
            15.904744,
            54.0209828
          ],
          [
            15.9049889,
            54.0206622
          ],
          [
            15.9051878,
            54.0202786
          ],
          [
            15.905958,
            54.018858
          ]
        ]
      },
      "id": "way/259129002"
    },
    {
      "type": "Feature",
      "properties": {
        "@id": "way/259129004",
        "highway": "residential",
        "tracktype": "grade2"
      },
      "geometry": {
        "type": "LineString",
        "coordinates": [
          [
            15.9030105,
            54.0245241
          ],
          [
            15.9032487,
            54.0245892
          ],
          [
            15.904254,
            54.024755
          ],
          [
            15.9058578,
            54.025034
          ],
          [
            15.9063952,
            54.0251756
          ],
          [
            15.9094041,
            54.0260666
          ],
          [
            15.9105928,
            54.0264002
          ],
          [
            15.9112108,
            54.0266106
          ],
          [
            15.9113653,
            54.0266716
          ],
          [
            15.9118239,
            54.0268892
          ]
        ]
      },
      "id": "way/259129004"
    },
    {
      "type": "Feature",
      "properties": {
        "@id": "way/259212042",
        "highway": "track",
        "surface": "ground",
        "tracktype": "grade5"
      },
      "geometry": {
        "type": "LineString",
        "coordinates": [
          [
            15.9206222,
            54.0103754
          ],
          [
            15.9202895,
            54.0103951
          ],
          [
            15.9166629,
            54.0115965
          ],
          [
            15.9146872,
            54.0122409
          ],
          [
            15.9137097,
            54.0124618
          ],
          [
            15.9120459,
            54.0128378
          ],
          [
            15.9109268,
            54.0134176
          ],
          [
            15.9105801,
            54.0138039
          ],
          [
            15.9104211,
            54.0138888
          ],
          [
            15.9099776,
            54.0142096
          ]
        ]
      },
      "id": "way/259212042"
    },
    {
      "type": "Feature",
      "properties": {
        "@id": "way/259218447",
        "highway": "track",
        "surface": "ground",
        "tracktype": "grade3"
      },
      "geometry": {
        "type": "LineString",
        "coordinates": [
          [
            15.8900153,
            54.0329308
          ],
          [
            15.8899342,
            54.0329989
          ],
          [
            15.8898114,
            54.033012
          ],
          [
            15.8891971,
            54.0330481
          ],
          [
            15.8877563,
            54.0332973
          ],
          [
            15.8871421,
            54.0333629
          ],
          [
            15.8865334,
            54.0334088
          ]
        ]
      },
      "id": "way/259218447"
    },
    {
      "type": "Feature",
      "properties": {
        "@id": "way/282695899",
        "highway": "secondary",
        "lanes": "1",
        "lit": "yes",
        "maxaxleload": "10",
        "maxspeed": "50",
        "oneway": "yes",
        "source:maxaxleload": "Rozporządzenie Ministra Transportu, Budownictwa i Gospodarki Morskiej z dnia 6 września 2012 r",
        "source:maxaxleload:url": "http://dziennikustaw.gov.pl/du/2012/1061/D2012000106101.pdf",
        "source:maxspeed": "sign",
        "surface": "asphalt",
        "turn:lanes": "left;through"
      },
      "geometry": {
        "type": "LineString",
        "coordinates": [
          [
            15.8919297,
            54.0305948
          ],
          [
            15.8917949,
            54.0306542
          ],
          [
            15.8917191,
            54.0306876
          ],
          [
            15.8916941,
            54.0306986
          ]
        ]
      },
      "id": "way/282695899"
    },
    {
      "type": "Feature",
      "properties": {
        "@id": "way/282695905",
        "bicycle": "no",
        "highway": "secondary",
        "highway:category:pl": "2",
        "lanes": "2",
        "lit": "no",
        "maxaxleload": "10",
        "maxspeed": "50",
        "ref": "163",
        "source:maxaxleload": "Rozporządzenie Ministra Transportu, Budownictwa i Gospodarki Morskiej z dnia 6 września 2012 r",
        "source:maxaxleload:url": "http://dziennikustaw.gov.pl/du/2012/1061/D2012000106101.pdf",
        "source:maxspeed": "PL:urban",
        "surface": "asphalt"
      },
      "geometry": {
        "type": "LineString",
        "coordinates": [
          [
            15.9040237,
            54.0296839
          ],
          [
            15.9036703,
            54.0297624
          ],
          [
            15.9030839,
            54.0298927
          ],
          [
            15.9027394,
            54.0299648
          ],
          [
            15.9026185,
            54.0299908
          ],
          [
            15.9025136,
            54.0300101
          ],
          [
            15.9024185,
            54.0300283
          ],
          [
            15.9023228,
            54.030046
          ]
        ]
      },
      "id": "way/282695905"
    },
    {
      "type": "Feature",
      "properties": {
        "@id": "way/282695906",
        "bicycle": "no",
        "cycleway:both": "no",
        "highway": "secondary",
        "highway:category:pl": "2",
        "lanes": "2",
        "lanes:backward": "1",
        "lanes:forward": "1",
        "lit": "no",
        "maxaxleload": "10",
        "maxspeed": "90",
        "maxspeed:bus": "70",
        "maxspeed:hgv": "70",
        "maxspeed:trailer": "70",
        "overtaking": "both",
        "ref": "163",
        "shoulder": "no",
        "source:maxaxleload": "Rozporządzenie Ministra Transportu, Budownictwa i Gospodarki Morskiej z dnia 6 września 2012 r",
        "source:maxaxleload:url": "http://dziennikustaw.gov.pl/du/2012/1061/D2012000106101.pdf",
        "source:maxspeed": "PL:rural",
        "surface": "asphalt"
      },
      "geometry": {
        "type": "LineString",
        "coordinates": [
          [
            15.9316608,
            54.0235039
          ],
          [
            15.9299347,
            54.0238919
          ],
          [
            15.9275557,
            54.0244265
          ],
          [
            15.9232031,
            54.0253977
          ],
          [
            15.9204667,
            54.0260082
          ],
          [
            15.9174122,
            54.0266888
          ],
          [
            15.9169205,
            54.0267984
          ],
          [
            15.9149098,
            54.0272501
          ],
          [
            15.9132979,
            54.0276101
          ],
          [
            15.9068326,
            54.0290561
          ],
          [
            15.9063794,
            54.0291582
          ],
          [
            15.9040237,
            54.0296839
          ]
        ]
      },
      "id": "way/282695906"
    },
    {
      "type": "Feature",
      "properties": {
        "@id": "way/282695912",
        "highway": "secondary",
        "highway:category:pl": "2",
        "lanes": "1",
        "lit": "yes",
        "maxaxleload": "11.5",
        "maxspeed": "90",
        "maxspeed:bus": "70",
        "maxspeed:hgv": "70",
        "maxspeed:trailer": "70",
        "old_ref": "6",
        "oneway": "yes",
        "ref": "112;163",
        "source:maxaxleload": "Dz.U. 2011 nr 222 poz. 1321 Art. 2 pkt. 11",
        "source:maxspeed": "PL:rural",
        "surface": "asphalt",
        "turn:lanes": "left;through"
      },
      "geometry": {
        "type": "LineString",
        "coordinates": [
          [
            15.89161,
            54.0307357
          ],
          [
            15.8915124,
            54.0306655
          ]
        ]
      },
      "id": "way/282695912"
    },
    {
      "type": "Feature",
      "properties": {
        "@id": "way/282695913",
        "highway": "secondary",
        "highway:category:pl": "2",
        "lanes": "1",
        "lit": "yes",
        "maxaxleload": "11.5",
        "maxspeed": "50",
        "old_ref": "6",
        "oneway": "yes",
        "ref": "112;163",
        "sidewalk": "no",
        "source:maxaxleload": "Dz.U. 2011 nr 222 poz. 1321 Art. 2 pkt. 11",
        "source:maxspeed": "sign",
        "surface": "asphalt",
        "turn:lanes": "left;through;right"
      },
      "geometry": {
        "type": "LineString",
        "coordinates": [
          [
            15.8926453,
            54.0314837
          ],
          [
            15.892427,
            54.0313622
          ],
          [
            15.8922762,
            54.0312604
          ],
          [
            15.8920923,
            54.0311268
          ],
          [
            15.8918892,
            54.0309471
          ],
          [
            15.89161,
            54.0307357
          ]
        ]
      },
      "id": "way/282695913"
    },
    {
      "type": "Feature",
      "properties": {
        "@id": "way/289349973",
        "highway": "residential",
        "tracktype": "grade1"
      },
      "geometry": {
        "type": "LineString",
        "coordinates": [
          [
            15.8966702,
            54.0235653
          ],
          [
            15.8965573,
            54.0237693
          ],
          [
            15.8964075,
            54.0239909
          ],
          [
            15.8959996,
            54.0243523
          ],
          [
            15.8957985,
            54.0244183
          ],
          [
            15.8945966,
            54.0244255
          ],
          [
            15.8942654,
            54.0244296
          ],
          [
            15.8940912,
            54.0244317
          ]
        ]
      },
      "id": "way/289349973"
    },
    {
      "type": "Feature",
      "properties": {
        "@id": "way/289350250",
        "highway": "track",
        "surface": "gravel",
        "tracktype": "grade2"
      },
      "geometry": {
        "type": "LineString",
        "coordinates": [
          [
            15.9097424,
            54.0430985
          ],
          [
            15.9097425,
            54.0427664
          ],
          [
            15.9099361,
            54.0410983
          ],
          [
            15.9099649,
            54.0407644
          ],
          [
            15.910082,
            54.0394713
          ],
          [
            15.9103961,
            54.0390242
          ],
          [
            15.9113422,
            54.0379347
          ],
          [
            15.9116385,
            54.0375378
          ],
          [
            15.9118197,
            54.0371664
          ],
          [
            15.9118219,
            54.036919
          ],
          [
            15.9116915,
            54.0364968
          ],
          [
            15.9111092,
            54.0347541
          ],
          [
            15.9110775,
            54.0342011
          ],
          [
            15.9110138,
            54.0336426
          ],
          [
            15.9111251,
            54.0333408
          ],
          [
            15.9112079,
            54.0331932
          ]
        ]
      },
      "id": "way/289350250"
    },
    {
      "type": "Feature",
      "properties": {
        "@id": "way/300264450",
        "highway": "unclassified",
        "lit": "no",
        "surface": "asphalt"
      },
      "geometry": {
        "type": "LineString",
        "coordinates": [
          [
            15.9434138,
            54.0460051
          ],
          [
            15.9425559,
            54.0459425
          ],
          [
            15.9389144,
            54.0456261
          ],
          [
            15.9383672,
            54.0455411
          ],
          [
            15.9369993,
            54.0451631
          ],
          [
            15.9367472,
            54.0450718
          ],
          [
            15.9365809,
            54.0449552
          ],
          [
            15.9352354,
            54.0435295
          ],
          [
            15.9350384,
            54.0433942
          ],
          [
            15.9319334,
            54.0418559
          ],
          [
            15.9308302,
            54.0413266
          ],
          [
            15.9304044,
            54.0411326
          ],
          [
            15.9275115,
            54.0402104
          ],
          [
            15.9254336,
            54.0395374
          ],
          [
            15.9251761,
            54.039424
          ],
          [
            15.9249294,
            54.0393106
          ],
          [
            15.9243286,
            54.0389987
          ],
          [
            15.9239638,
            54.0388254
          ],
          [
            15.9223761,
            54.0382205
          ],
          [
            15.9203539,
            54.0374115
          ],
          [
            15.9198029,
            54.0371429
          ],
          [
            15.9185355,
            54.0362369
          ],
          [
            15.9169765,
            54.035137
          ],
          [
            15.9154413,
            54.034057
          ],
          [
            15.9150712,
            54.0338591
          ],
          [
            15.9146363,
            54.0337441
          ],
          [
            15.9112079,
            54.0331932
          ],
          [
            15.910604,
            54.0330961
          ],
          [
            15.9103817,
            54.0330472
          ],
          [
            15.9101914,
            54.0329817
          ],
          [
            15.9099013,
            54.0328226
          ],
          [
            15.9084881,
            54.0320263
          ],
          [
            15.9083519,
            54.0319496
          ],
          [
            15.9081747,
            54.031854
          ],
          [
            15.9053634,
            54.0308646
          ],
          [
            15.9024397,
            54.0301333
          ],
          [
            15.9023884,
            54.030114
          ],
          [
            15.9023494,
            54.0300844
          ],
          [
            15.9023228,
            54.030046
          ]
        ]
      },
      "id": "way/300264450"
    },
    {
      "type": "Feature",
      "properties": {
        "@id": "way/393276754",
        "highway": "secondary",
        "highway:category:pl": "2",
        "lanes": "2",
        "lit": "yes",
        "maxaxleload": "10",
        "maxspeed": "50",
        "oneway": "yes",
        "placement": "middle_of:1",
        "ref": "163",
        "source:maxaxleload": "Rozporządzenie Ministra Transportu, Budownictwa i Gospodarki Morskiej z dnia 6 września 2012 r",
        "source:maxaxleload:url": "http://dziennikustaw.gov.pl/du/2012/1061/D2012000106101.pdf",
        "source:maxspeed": "sign",
        "surface": "asphalt",
        "turn:lanes": "left;through|right"
      },
      "geometry": {
        "type": "LineString",
        "coordinates": [
          [
            15.8921057,
            54.0304725
          ],
          [
            15.8920192,
            54.0305385
          ],
          [
            15.8919297,
            54.0305948
          ]
        ]
      },
      "id": "way/393276754"
    },
    {
      "type": "Feature",
      "properties": {
        "@id": "way/393276755",
        "bicycle": "designated",
        "foot": "designated",
        "footway": "sidewalk",
        "highway": "path",
        "lit": "yes",
        "segregated": "yes",
        "smoothness": "excellent",
        "source": "geoportal.gov.pl:ortofoto",
        "surface": "asphalt"
      },
      "geometry": {
        "type": "LineString",
        "coordinates": [
          [
            15.8913593,
            54.0305153
          ],
          [
            15.8914051,
            54.0304951
          ]
        ]
      },
      "id": "way/393276755"
    },
    {
      "type": "Feature",
      "properties": {
        "@id": "way/393276756",
        "highway": "tertiary",
        "lanes": "1",
        "lit": "yes",
        "maxspeed:type": "PL:rural",
        "noname": "yes",
        "oneway": "yes",
        "sidewalk": "no",
        "surface": "asphalt",
        "turn:lanes": "left;through;right"
      },
      "geometry": {
        "type": "LineString",
        "coordinates": [
          [
            15.8913726,
            54.0307528
          ],
          [
            15.8914392,
            54.0307037
          ],
          [
            15.8914948,
            54.0306734
          ],
          [
            15.8915124,
            54.0306655
          ]
        ]
      },
      "id": "way/393276756"
    },
    {
      "type": "Feature",
      "properties": {
        "@id": "way/393276757",
        "bicycle": "designated",
        "foot": "designated",
        "footway": "crossing",
        "highway": "path",
        "lit": "yes",
        "segregated": "yes",
        "smoothness": "excellent",
        "source": "geoportal.gov.pl:ortofoto",
        "surface": "asphalt"
      },
      "geometry": {
        "type": "LineString",
        "coordinates": [
          [
            15.8913182,
            54.0305339
          ],
          [
            15.8913323,
            54.0305275
          ],
          [
            15.8913593,
            54.0305153
          ]
        ]
      },
      "id": "way/393276757"
    },
    {
      "type": "Feature",
      "properties": {
        "@id": "way/393276758",
        "foot": "yes",
        "highway": "cycleway",
        "lit": "yes",
        "segregated": "no",
        "surface": "asphalt"
      },
      "geometry": {
        "type": "LineString",
        "coordinates": [
          [
            15.8886518,
            54.030221
          ],
          [
            15.8886907,
            54.0301715
          ]
        ]
      },
      "id": "way/393276758"
    },
    {
      "type": "Feature",
      "properties": {
        "@id": "way/393276759",
        "bicycle": "designated",
        "foot": "designated",
        "footway": "crossing",
        "highway": "path",
        "lit": "yes",
        "segregated": "yes",
        "smoothness": "excellent",
        "source": "geoportal.gov.pl:ortofoto",
        "surface": "asphalt"
      },
      "geometry": {
        "type": "LineString",
        "coordinates": [
          [
            15.8914051,
            54.0304951
          ],
          [
            15.8914268,
            54.0304865
          ],
          [
            15.8914491,
            54.0304775
          ],
          [
            15.8915029,
            54.0304556
          ]
        ]
      },
      "id": "way/393276759"
    },
    {
      "type": "Feature",
      "properties": {
        "@id": "way/393309210",
        "highway": "secondary",
        "highway:category:pl": "4",
        "lanes": "1",
        "lit": "yes",
        "maxaxleload": "11.5",
        "maxspeed": "50",
        "old_ref": "6",
        "oneway": "yes",
        "ref": "112",
        "source:maxaxleload": "Dz.U. 2011 nr 222 poz. 1321 Art. 2 pkt. 11",
        "source:maxspeed": "sign",
        "surface": "asphalt",
        "turn:lanes": "left;through;right"
      },
      "geometry": {
        "type": "LineString",
        "coordinates": [
          [
            15.8906228,
            54.0299646
          ],
          [
            15.8909219,
            54.0301111
          ],
          [
            15.8910699,
            54.0301918
          ],
          [
            15.8911075,
            54.0302186
          ],
          [
            15.8911398,
            54.0302452
          ],
          [
            15.8911908,
            54.030298
          ],
          [
            15.8912414,
            54.0303432
          ],
          [
            15.8913273,
            54.0304129
          ],
          [
            15.8913474,
            54.0304278
          ],
          [
            15.8914268,
            54.0304865
          ],
          [
            15.8914653,
            54.0305177
          ],
          [
            15.8915983,
            54.0306215
          ]
        ]
      },
      "id": "way/393309210"
    },
    {
      "type": "Feature",
      "properties": {
        "@id": "way/393424831",
        "highway": "service",
        "service": "driveway",
        "source": "geoportal.gov.pl:ortofoto",
        "surface": "asphalt"
      },
      "geometry": {
        "type": "LineString",
        "coordinates": [
          [
            15.8978209,
            54.0300559
          ],
          [
            15.8978188,
            54.0301342
          ]
        ]
      },
      "id": "way/393424831"
    },
    {
      "type": "Feature",
      "properties": {
        "@id": "way/393424832",
        "highway": "track",
        "surface": "asphalt",
        "tracktype": "grade2"
      },
      "geometry": {
        "type": "LineString",
        "coordinates": [
          [
            15.8928966,
            54.0301923
          ],
          [
            15.8928777,
            54.0301585
          ]
        ]
      },
      "id": "way/393424832"
    },
    {
      "type": "Feature",
      "properties": {
        "@id": "way/393424833",
        "highway": "track",
        "surface": "dirt",
        "tracktype": "grade2"
      },
      "geometry": {
        "type": "LineString",
        "coordinates": [
          [
            15.8769485,
            54.027599
          ],
          [
            15.8769877,
            54.0277078
          ],
          [
            15.8770895,
            54.0278267
          ],
          [
            15.8772605,
            54.0279273
          ],
          [
            15.877396,
            54.0279705
          ],
          [
            15.8777243,
            54.0280752
          ],
          [
            15.8784605,
            54.0282699
          ],
          [
            15.8791623,
            54.0283976
          ],
          [
            15.8801093,
            54.0285983
          ],
          [
            15.8808624,
            54.0287988
          ],
          [
            15.8817974,
            54.0291573
          ],
          [
            15.8824118,
            54.0294312
          ],
          [
            15.8824871,
            54.029514
          ],
          [
            15.8825576,
            54.0296245
          ],
          [
            15.88294,
            54.0302902
          ]
        ]
      },
      "id": "way/393424833"
    },
    {
      "type": "Feature",
      "properties": {
        "@id": "way/393424834",
        "highway": "track",
        "surface": "asphalt",
        "tracktype": "grade1"
      },
      "geometry": {
        "type": "LineString",
        "coordinates": [
          [
            15.8902578,
            54.0309938
          ],
          [
            15.8902328,
            54.0310218
          ]
        ]
      },
      "id": "way/393424834"
    },
    {
      "type": "Feature",
      "properties": {
        "@id": "way/393424837",
        "highway": "track",
        "surface": "ground"
      },
      "geometry": {
        "type": "LineString",
        "coordinates": [
          [
            15.8913168,
            54.0301209
          ],
          [
            15.891249,
            54.0301168
          ],
          [
            15.8912028,
            54.0301058
          ],
          [
            15.8911516,
            54.0300833
          ],
          [
            15.8909186,
            54.0299442
          ],
          [
            15.8908351,
            54.0299003
          ],
          [
            15.8902315,
            54.0295608
          ],
          [
            15.8898648,
            54.0293604
          ],
          [
            15.889798,
            54.02932
          ],
          [
            15.889739,
            54.0292744
          ],
          [
            15.8896888,
            54.0292224
          ],
          [
            15.8896623,
            54.0291733
          ],
          [
            15.8896475,
            54.0291277
          ],
          [
            15.8896446,
            54.0290769
          ],
          [
            15.8896613,
            54.0287246
          ],
          [
            15.8897225,
            54.0276208
          ],
          [
            15.8897587,
            54.0268123
          ],
          [
            15.8898089,
            54.0259498
          ],
          [
            15.8898208,
            54.0248825
          ],
          [
            15.8898357,
            54.0236287
          ],
          [
            15.8898911,
            54.0224167
          ],
          [
            15.8899134,
            54.0223704
          ],
          [
            15.8899863,
            54.0223608
          ],
          [
            15.8933525,
            54.0223608
          ],
          [
            15.8934474,
            54.022345
          ]
        ]
      },
      "id": "way/393424837"
    },
    {
      "type": "Feature",
      "properties": {
        "@id": "way/393431228",
        "highway": "service",
        "surface": "asphalt"
      },
      "geometry": {
        "type": "LineString",
        "coordinates": [
          [
            15.8850463,
            54.0301501
          ],
          [
            15.8850481,
            54.0301964
          ]
        ]
      },
      "id": "way/393431228"
    },
    {
      "type": "Feature",
      "properties": {
        "@id": "way/393431230",
        "highway": "service",
        "surface": "paved"
      },
      "geometry": {
        "type": "LineString",
        "coordinates": [
          [
            15.8850481,
            54.0301964
          ],
          [
            15.8849387,
            54.0308074
          ],
          [
            15.884935,
            54.030925
          ],
          [
            15.8850073,
            54.0310372
          ],
          [
            15.8853739,
            54.0314328
          ]
        ]
      },
      "id": "way/393431230"
    },
    {
      "type": "Feature",
      "properties": {
        "@id": "way/453235224",
        "highway": "track",
        "tracktype": "grade3"
      },
      "geometry": {
        "type": "LineString",
        "coordinates": [
          [
            15.8940869,
            54.0381029
          ],
          [
            15.894161,
            54.0381179
          ],
          [
            15.8943108,
            54.0381877
          ],
          [
            15.8945033,
            54.0382798
          ],
          [
            15.8946292,
            54.0383552
          ],
          [
            15.8947267,
            54.0384291
          ],
          [
            15.8948051,
            54.038538
          ],
          [
            15.8948741,
            54.0386497
          ],
          [
            15.8948931,
            54.0387222
          ],
          [
            15.8948907,
            54.038792
          ],
          [
            15.8948709,
            54.0388527
          ]
        ]
      },
      "id": "way/453235224"
    },
    {
      "type": "Feature",
      "properties": {
        "@id": "way/453235225",
        "highway": "track",
        "surface": "unpaved",
        "tracktype": "grade3"
      },
      "geometry": {
        "type": "LineString",
        "coordinates": [
          [
            15.8941443,
            54.0377414
          ],
          [
            15.8941586,
            54.0375987
          ],
          [
            15.8942394,
            54.0369063
          ],
          [
            15.8943084,
            54.0363829
          ],
          [
            15.8943811,
            54.0357859
          ],
          [
            15.8944096,
            54.0356268
          ],
          [
            15.8944286,
            54.0353727
          ],
          [
            15.8944405,
            54.0351829
          ],
          [
            15.8944643,
            54.0350908
          ],
          [
            15.8944952,
            54.0350224
          ],
          [
            15.8945736,
            54.034954
          ],
          [
            15.8946782,
            54.0348981
          ],
          [
            15.8948636,
            54.0348311
          ],
          [
            15.8953342,
            54.0346943
          ],
          [
            15.8955125,
            54.0346259
          ],
          [
            15.8961162,
            54.0343831
          ],
          [
            15.8963773,
            54.0342846
          ],
          [
            15.8965329,
            54.0342325
          ],
          [
            15.8967405,
            54.034173
          ],
          [
            15.89695,
            54.0341105
          ],
          [
            15.8971049,
            54.0340718
          ],
          [
            15.8973132,
            54.0340191
          ],
          [
            15.8975613,
            54.0339489
          ],
          [
            15.8977109,
            54.0339133
          ],
          [
            15.8978373,
            54.0338878
          ],
          [
            15.8979946,
            54.0338427
          ],
          [
            15.8981149,
            54.0338101
          ],
          [
            15.8983083,
            54.0337705
          ],
          [
            15.8985062,
            54.0337202
          ],
          [
            15.8988828,
            54.0336335
          ],
          [
            15.8995625,
            54.0334827
          ],
          [
            15.9002161,
            54.0333613
          ],
          [
            15.9008959,
            54.033258
          ],
          [
            15.9014164,
            54.0331937
          ],
          [
            15.9017349,
            54.0331463
          ],
          [
            15.9021722,
            54.0330737
          ],
          [
            15.9025929,
            54.0330053
          ],
          [
            15.9028615,
            54.032955
          ],
          [
            15.9038122,
            54.0327889
          ],
          [
            15.9047297,
            54.0326298
          ],
          [
            15.9050173,
            54.0325851
          ],
          [
            15.9055663,
            54.0324986
          ],
          [
            15.9065194,
            54.0323534
          ],
          [
            15.9076199,
            54.0321789
          ],
          [
            15.9081642,
            54.0321077
          ],
          [
            15.9083472,
            54.0320742
          ],
          [
            15.9084327,
            54.0320533
          ],
          [
            15.9084881,
            54.0320263
          ]
        ]
      },
      "id": "way/453235225"
    },
    {
      "type": "Feature",
      "properties": {
        "@id": "way/527361305",
        "highway": "track",
        "tracktype": "grade3"
      },
      "geometry": {
        "type": "LineString",
        "coordinates": [
          [
            15.9126281,
            54.0272477
          ],
          [
            15.9128313,
            54.0270798
          ],
          [
            15.9128336,
            54.0270462
          ],
          [
            15.912817,
            54.0270351
          ],
          [
            15.9124866,
            54.0268759
          ]
        ]
      },
      "id": "way/527361305"
    },
    {
      "type": "Feature",
      "properties": {
        "@id": "way/527361308",
        "highway": "residential"
      },
      "geometry": {
        "type": "LineString",
        "coordinates": [
          [
            15.9001395,
            54.0274415
          ],
          [
            15.9010893,
            54.027263
          ]
        ]
      },
      "id": "way/527361308"
    },
    {
      "type": "Feature",
      "properties": {
        "@id": "way/527361314",
        "highway": "footway",
        "surface": "paving_stones"
      },
      "geometry": {
        "type": "LineString",
        "coordinates": [
          [
            15.8992574,
            54.0301909
          ],
          [
            15.8991154,
            54.0301916
          ]
        ]
      },
      "id": "way/527361314"
    },
    {
      "type": "Feature",
      "properties": {
        "@id": "way/527361315",
        "highway": "service",
        "service": "driveway"
      },
      "geometry": {
        "type": "LineString",
        "coordinates": [
          [
            15.8991171,
            54.0301323
          ],
          [
            15.8991154,
            54.0301916
          ],
          [
            15.8991148,
            54.0302126
          ]
        ]
      },
      "id": "way/527361315"
    },
    {
      "type": "Feature",
      "properties": {
        "@id": "way/527361316",
        "highway": "service",
        "service": "driveway"
      },
      "geometry": {
        "type": "LineString",
        "coordinates": [
          [
            15.9019524,
            54.0300945
          ],
          [
            15.9019646,
            54.0301449
          ],
          [
            15.9020202,
            54.0302384
          ],
          [
            15.9020676,
            54.0303182
          ]
        ]
      },
      "id": "way/527361316"
    },
    {
      "type": "Feature",
      "properties": {
        "@id": "way/527361318",
        "highway": "service",
        "lit": "yes",
        "service": "driveway",
        "surface": "paving_stones"
      },
      "geometry": {
        "type": "LineString",
        "coordinates": [
          [
            15.900479,
            54.0301282
          ],
          [
            15.9004767,
            54.0300702
          ],
          [
            15.9004767,
            54.0300534
          ]
        ]
      },
      "id": "way/527361318"
    },
    {
      "type": "Feature",
      "properties": {
        "@id": "way/527361320",
        "bicycle": "designated",
        "foot": "designated",
        "highway": "path",
        "lit": "yes",
        "segregated": "no",
        "smoothness": "excellent",
        "surface": "asphalt"
      },
      "geometry": {
        "type": "LineString",
        "coordinates": [
          [
            15.9004767,
            54.0300702
          ],
          [
            15.8999966,
            54.0300711
          ],
          [
            15.8997469,
            54.0300176
          ],
          [
            15.8996181,
            54.0299959
          ],
          [
            15.8992781,
            54.0299848
          ],
          [
            15.8991984,
            54.0299868
          ],
          [
            15.8991414,
            54.0299957
          ],
          [
            15.8990805,
            54.0300097
          ],
          [
            15.8987474,
            54.0300747
          ],
          [
            15.8980508,
            54.030077
          ],
          [
            15.8978209,
            54.0300559
          ]
        ]
      },
      "id": "way/527361320"
    },
    {
      "type": "Feature",
      "properties": {
        "@id": "way/527361321",
        "highway": "footway",
        "lit": "yes",
        "surface": "paving_stones"
      },
      "geometry": {
        "type": "LineString",
        "coordinates": [
          [
            15.8992561,
            54.0300811
          ],
          [
            15.8992561,
            54.0301331
          ],
          [
            15.8992574,
            54.0301909
          ],
          [
            15.9002342,
            54.0301909
          ],
          [
            15.900933,
            54.030186
          ],
          [
            15.9011897,
            54.0302049
          ],
          [
            15.9014238,
            54.0302007
          ],
          [
            15.901614,
            54.030177
          ],
          [
            15.9019646,
            54.0301449
          ]
        ]
      },
      "id": "way/527361321"
    },
    {
      "type": "Feature",
      "properties": {
        "@id": "way/527361323",
        "bicycle": "no",
        "highway": "secondary",
        "highway:category:pl": "2",
        "lanes": "2",
        "maxaxleload": "10",
        "maxspeed": "50",
        "ref": "163",
        "source:maxaxleload": "Rozporządzenie Ministra Transportu, Budownictwa i Gospodarki Morskiej z dnia 6 września 2012 r",
        "source:maxaxleload:url": "http://dziennikustaw.gov.pl/du/2012/1061/D2012000106101.pdf",
        "source:maxspeed": "PL:urban",
        "surface": "asphalt"
      },
      "geometry": {
        "type": "LineString",
        "coordinates": [
          [
            15.8978188,
            54.0301342
          ],
          [
            15.8972734,
            54.0301353
          ]
        ]
      },
      "id": "way/527361323"
    },
    {
      "type": "Feature",
      "properties": {
        "@id": "way/527361328",
        "highway": "secondary",
        "highway:category:pl": "2",
        "lanes": "1",
        "lit": "yes",
        "maxaxleload": "10",
        "maxspeed:type": "PL:rural",
        "oneway": "yes",
        "ref": "163",
        "source:maxaxleload": "Rozporządzenie Ministra Transportu, Budownictwa i Gospodarki Morskiej z dnia 6 września 2012 r",
        "source:maxaxleload:url": "http://dziennikustaw.gov.pl/du/2012/1061/D2012000106101.pdf",
        "surface": "asphalt"
      },
      "geometry": {
        "type": "LineString",
        "coordinates": [
          [
            15.8915124,
            54.0306655
          ],
          [
            15.8915983,
            54.0306215
          ]
        ]
      },
      "id": "way/527361328"
    },
    {
      "type": "Feature",
      "properties": {
        "@id": "way/527361332",
        "bicycle": "no",
        "cycleway:both": "no",
        "highway": "secondary",
        "highway:category:pl": "2",
        "lanes": "2",
        "lit": "no",
        "maxaxleload": "10",
        "maxspeed": "90",
        "maxspeed:bus": "70",
        "maxspeed:hgv": "70",
        "maxspeed:trailer": "70",
        "ref": "163",
        "shoulder": "no",
        "source:maxaxleload": "Rozporządzenie Ministra Transportu, Budownictwa i Gospodarki Morskiej z dnia 6 września 2012 r",
        "source:maxaxleload:url": "http://dziennikustaw.gov.pl/du/2012/1061/D2012000106101.pdf",
        "source:maxspeed": "PL:rural",
        "surface": "asphalt"
      },
      "geometry": {
        "type": "LineString",
        "coordinates": [
          [
            15.8972734,
            54.0301353
          ],
          [
            15.8957305,
            54.0301376
          ],
          [
            15.8939957,
            54.0301398
          ],
          [
            15.8936582,
            54.0301406
          ]
        ]
      },
      "id": "way/527361332"
    },
    {
      "type": "Feature",
      "properties": {
        "@id": "way/588495398",
        "highway": "service",
        "service": "driveway",
        "surface": "unpaved"
      },
      "geometry": {
        "type": "LineString",
        "coordinates": [
          [
            15.9019447,
            54.029983
          ],
          [
            15.9021706,
            54.0299332
          ],
          [
            15.902428,
            54.0298753
          ],
          [
            15.9024779,
            54.0298399
          ],
          [
            15.902533,
            54.0297752
          ],
          [
            15.9026535,
            54.0296347
          ],
          [
            15.9026638,
            54.0296044
          ],
          [
            15.9026586,
            54.029573
          ],
          [
            15.9026311,
            54.0295184
          ],
          [
            15.9025829,
            54.0294436
          ],
          [
            15.9025657,
            54.0293941
          ],
          [
            15.9025603,
            54.0293641
          ]
        ]
      },
      "id": "way/588495398"
    },
    {
      "type": "Feature",
      "properties": {
        "@id": "way/588495399",
        "highway": "service",
        "surface": "unpaved"
      },
      "geometry": {
        "type": "LineString",
        "coordinates": [
          [
            15.9025603,
            54.0293641
          ],
          [
            15.9024571,
            54.0293573
          ],
          [
            15.9023538,
            54.0293462
          ],
          [
            15.9022057,
            54.0293145
          ],
          [
            15.9020796,
            54.029268
          ],
          [
            15.901976,
            54.0292309
          ],
          [
            15.9018926,
            54.0292071
          ],
          [
            15.9018256,
            54.0292011
          ],
          [
            15.9017483,
            54.0291999
          ],
          [
            15.9016528,
            54.0292142
          ],
          [
            15.9015979,
            54.0292369
          ],
          [
            15.9015511,
            54.0292632
          ],
          [
            15.9015369,
            54.0292811
          ],
          [
            15.9015389,
            54.0293038
          ],
          [
            15.9015633,
            54.0293229
          ],
          [
            15.9016202,
            54.0293503
          ],
          [
            15.9017199,
            54.0293814
          ],
          [
            15.9018662,
            54.0294351
          ],
          [
            15.9019475,
            54.0294578
          ],
          [
            15.9020512,
            54.0294888
          ],
          [
            15.9022158,
            54.0295402
          ],
          [
            15.9023337,
            54.0295867
          ],
          [
            15.9024333,
            54.0296405
          ],
          [
            15.9024862,
            54.0296787
          ],
          [
            15.9025208,
            54.029724
          ],
          [
            15.902533,
            54.0297752
          ]
        ]
      },
      "id": "way/588495399"
    },
    {
      "type": "Feature",
      "properties": {
        "@id": "way/588495400",
        "access": "private",
        "highway": "service",
        "service": "driveway"
      },
      "geometry": {
        "type": "LineString",
        "coordinates": [
          [
            15.9004767,
            54.0300534
          ],
          [
            15.9004687,
            54.0299625
          ],
          [
            15.9004738,
            54.0298927
          ],
          [
            15.9004893,
            54.0298341
          ],
          [
            15.9005117,
            54.0297997
          ],
          [
            15.900541,
            54.0297785
          ],
          [
            15.9005788,
            54.0297654
          ],
          [
            15.9006356,
            54.0297633
          ],
          [
            15.9008387,
            54.0297805
          ],
          [
            15.9011382,
            54.02982
          ],
          [
            15.9014876,
            54.0299008
          ],
          [
            15.901822,
            54.0299581
          ]
        ]
      },
      "id": "way/588495400"
    },
    {
      "type": "Feature",
      "properties": {
        "@id": "way/588495401",
        "highway": "service",
        "service": "driveway"
      },
      "geometry": {
        "type": "LineString",
        "coordinates": [
          [
            15.885868,
            54.0306054
          ],
          [
            15.8858599,
            54.0304872
          ],
          [
            15.8858456,
            54.0303546
          ],
          [
            15.8858192,
            54.0301513
          ]
        ]
      },
      "id": "way/588495401"
    },
    {
      "type": "Feature",
      "properties": {
        "@id": "way/594308307",
        "foot": "no",
        "highway": "secondary",
        "highway:category:pl": "2",
        "lanes": "2",
        "lit": "yes",
        "maxaxleload": "11.5",
        "maxspeed": "70",
        "old_ref": "6",
        "oneway": "yes",
        "placement": "middle_of:1",
        "ref": "112;163",
        "sidewalk": "no",
        "source:maxaxleload": "Dz.U. 2011 nr 222 poz. 1321 Art. 2 pkt. 11",
        "source:maxspeed": "sign",
        "surface": "asphalt",
        "turn:lanes": "|merge_to_left"
      },
      "geometry": {
        "type": "LineString",
        "coordinates": [
          [
            15.8920094,
            54.0309289
          ],
          [
            15.892199,
            54.0310771
          ],
          [
            15.8924396,
            54.0312613
          ],
          [
            15.8926453,
            54.0314837
          ]
        ]
      },
      "id": "way/594308307"
    },
    {
      "type": "Feature",
      "properties": {
        "@id": "way/654212513",
        "highway": "track"
      },
      "geometry": {
        "type": "LineString",
        "coordinates": [
          [
            15.8792541,
            54.0266857
          ],
          [
            15.880487,
            54.0266329
          ],
          [
            15.8809322,
            54.0266254
          ],
          [
            15.881701,
            54.0266144
          ],
          [
            15.8818978,
            54.0265767
          ],
          [
            15.8820102,
            54.0264249
          ]
        ]
      },
      "id": "way/654212513"
    },
    {
      "type": "Feature",
      "properties": {
        "@id": "way/721613038",
        "highway": "track",
        "tracktype": "grade5"
      },
      "geometry": {
        "type": "LineString",
        "coordinates": [
          [
            15.8729238,
            54.0228939
          ],
          [
            15.8742869,
            54.0229662
          ],
          [
            15.8745969,
            54.0228743
          ],
          [
            15.8752131,
            54.022688
          ],
          [
            15.8764723,
            54.0225494
          ],
          [
            15.8786404,
            54.0224725
          ],
          [
            15.8799629,
            54.022514
          ],
          [
            15.8836663,
            54.0224436
          ],
          [
            15.8885803,
            54.0223972
          ],
          [
            15.8899134,
            54.0223704
          ]
        ]
      },
      "id": "way/721613038"
    },
    {
      "type": "Feature",
      "properties": {
        "@id": "way/753657433",
        "highway": "track",
        "tracktype": "grade4"
      },
      "geometry": {
        "type": "LineString",
        "coordinates": [
          [
            15.9137097,
            54.0124618
          ],
          [
            15.9125357,
            54.0121646
          ],
          [
            15.9115225,
            54.0117136
          ],
          [
            15.9097698,
            54.0112316
          ],
          [
            15.9093263,
            54.0110467
          ],
          [
            15.9090236,
            54.011046
          ],
          [
            15.9087561,
            54.011194
          ],
          [
            15.9084983,
            54.011297
          ],
          [
            15.9078688,
            54.0114829
          ],
          [
            15.9071992,
            54.0115166
          ],
          [
            15.9068182,
            54.0114653
          ],
          [
            15.9061053,
            54.0115922
          ],
          [
            15.9049832,
            54.0117315
          ],
          [
            15.9041676,
            54.0118087
          ],
          [
            15.9032086,
            54.0119106
          ],
          [
            15.9018365,
            54.0120605
          ]
        ]
      },
      "id": "way/753657433"
    },
    {
      "type": "Feature",
      "properties": {
        "@id": "way/1001572703",
        "highway": "secondary",
        "highway:category:pl": "2",
        "lanes": "2",
        "maxaxleload": "11.5",
        "maxspeed:backward": "90",
        "maxspeed:bus:backward": "70",
        "maxspeed:forward": "70",
        "maxspeed:hgv:backward": "70",
        "maxspeed:trailer:backward": "70",
        "old_ref": "6",
        "overtaking": "no",
        "ref": "112;163",
        "source:maxaxleload": "Dz.U. 2011 nr 222 poz. 1321 Art. 2 pkt. 11",
        "source:maxspeed:backward": "PL:rural",
        "source:maxspeed:forward": "sign",
        "surface": "asphalt"
      },
      "geometry": {
        "type": "LineString",
        "coordinates": [
          [
            15.8947271,
            54.0331415
          ],
          [
            15.8946143,
            54.0330418
          ],
          [
            15.8941673,
            54.0326651
          ]
        ]
      },
      "id": "way/1001572703"
    },
    {
      "type": "Feature",
      "properties": {
        "@id": "way/1002105050",
        "highway": "track"
      },
      "geometry": {
        "type": "LineString",
        "coordinates": [
          [
            15.910082,
            54.0394713
          ],
          [
            15.9103058,
            54.036932
          ],
          [
            15.9103498,
            54.0366219
          ],
          [
            15.9102002,
            54.0360894
          ],
          [
            15.9101297,
            54.0355104
          ],
          [
            15.9101473,
            54.0340785
          ],
          [
            15.9101914,
            54.0329817
          ]
        ]
      },
      "id": "way/1002105050"
    },
    {
      "type": "Feature",
      "properties": {
        "@id": "way/1094593088",
        "foot": "yes",
        "highway": "cycleway",
        "lit": "no",
        "segregated": "no",
        "smoothness": "excellent",
        "surface": "asphalt"
      },
      "geometry": {
        "type": "LineString",
        "coordinates": [
          [
            15.932094,
            54.0232876
          ],
          [
            15.9315963,
            54.0234038
          ],
          [
            15.9298699,
            54.0237933
          ],
          [
            15.9286546,
            54.0240585
          ],
          [
            15.9274651,
            54.0243221
          ],
          [
            15.9231704,
            54.0252816
          ],
          [
            15.9207731,
            54.0258014
          ],
          [
            15.9173761,
            54.02658
          ],
          [
            15.9150773,
            54.0270895
          ],
          [
            15.9132987,
            54.0274999
          ],
          [
            15.9132363,
            54.0275135
          ],
          [
            15.9095773,
            54.028313
          ],
          [
            15.9071385,
            54.028868
          ],
          [
            15.9067665,
            54.0289595
          ],
          [
            15.9039691,
            54.029569
          ],
          [
            15.9035958,
            54.0296575
          ],
          [
            15.9029654,
            54.0298038
          ],
          [
            15.9025346,
            54.0299021
          ],
          [
            15.9021678,
            54.029982
          ],
          [
            15.902099,
            54.0299968
          ],
          [
            15.9020016,
            54.0300163
          ]
        ]
      },
      "id": "way/1094593088"
    },
    {
      "type": "Feature",
      "properties": {
        "@id": "way/1094593089",
        "foot": "yes",
        "highway": "cycleway",
        "lit": "yes",
        "surface": "asphalt"
      },
      "geometry": {
        "type": "LineString",
        "coordinates": [
          [
            15.88294,
            54.0302902
          ],
          [
            15.8833856,
            54.0302117
          ],
          [
            15.8836767,
            54.0301804
          ],
          [
            15.8839651,
            54.0301552
          ],
          [
            15.8844987,
            54.0301221
          ],
          [
            15.8850444,
            54.0301052
          ],
          [
            15.8858194,
            54.0301064
          ],
          [
            15.8881155,
            54.03011
          ],
          [
            15.8883643,
            54.0301256
          ],
          [
            15.8885924,
            54.0301486
          ],
          [
            15.8886907,
            54.0301715
          ]
        ]
      },
      "id": "way/1094593089"
    },
    {
      "type": "Feature",
      "properties": {
        "@id": "way/1135709573",
        "highway": "track",
        "tracktype": "grade1"
      },
      "geometry": {
        "type": "LineString",
        "coordinates": [
          [
            15.8948709,
            54.0388527
          ],
          [
            15.8945128,
            54.0387743
          ],
          [
            15.8941309,
            54.0386284
          ],
          [
            15.8941048,
            54.0385958
          ],
          [
            15.894085,
            54.0383705
          ],
          [
            15.8940869,
            54.0381029
          ],
          [
            15.894104,
            54.0379643
          ],
          [
            15.8941443,
            54.0377414
          ]
        ]
      },
      "id": "way/1135709573"
    },
    {
      "type": "Feature",
      "properties": {
        "@id": "way/1135709574",
        "highway": "residential",
        "tracktype": "grade5"
      },
      "geometry": {
        "type": "LineString",
        "coordinates": [
          [
            15.8978,
            54.0310281
          ],
          [
            15.8975985,
            54.0335563
          ],
          [
            15.8975188,
            54.0336495
          ],
          [
            15.8973664,
            54.0337407
          ],
          [
            15.8961096,
            54.0341227
          ]
        ]
      },
      "id": "way/1135709574"
    },
    {
      "type": "Feature",
      "properties": {
        "@id": "way/1135709575",
        "highway": "track",
        "surface": "ground",
        "tracktype": "grade3"
      },
      "geometry": {
        "type": "LineString",
        "coordinates": [
          [
            15.9077968,
            54.0163367
          ],
          [
            15.9080787,
            54.0160799
          ],
          [
            15.908631,
            54.0156093
          ],
          [
            15.908835,
            54.0154384
          ],
          [
            15.9096512,
            54.0146322
          ],
          [
            15.9099776,
            54.0142096
          ]
        ]
      },
      "id": "way/1135709575"
    },
    {
      "type": "Feature",
      "properties": {
        "@id": "way/1177346132",
        "foot": "yes",
        "highway": "cycleway",
        "lit": "no",
        "segregated": "no",
        "surface": "asphalt"
      },
      "geometry": {
        "type": "LineString",
        "coordinates": [
          [
            15.8886907,
            54.0301715
          ],
          [
            15.8903788,
            54.0301661
          ],
          [
            15.8904734,
            54.0301731
          ],
          [
            15.8905742,
            54.0301952
          ],
          [
            15.890638,
            54.030213
          ],
          [
            15.890706,
            54.0302418
          ],
          [
            15.8907625,
            54.0302798
          ],
          [
            15.8908102,
            54.0303189
          ],
          [
            15.8910108,
            54.0304917
          ],
          [
            15.8911019,
            54.0305698
          ],
          [
            15.8911419,
            54.0305966
          ],
          [
            15.8911584,
            54.0305998
          ],
          [
            15.8911739,
            54.0305982
          ]
        ]
      },
      "id": "way/1177346132"
    },
    {
      "type": "Feature",
      "properties": {
        "@id": "way/1177346133",
        "highway": "service",
        "service": "driveway"
      },
      "geometry": {
        "type": "LineString",
        "coordinates": [
          [
            15.8978209,
            54.0300559
          ],
          [
            15.8978182,
            54.0300101
          ]
        ]
      },
      "id": "way/1177346133"
    },
    {
      "type": "Feature",
      "properties": {
        "@id": "way/1180261586",
        "foot": "yes",
        "highway": "cycleway",
        "lit": "yes",
        "surface": "paving_stones"
      },
      "geometry": {
        "type": "LineString",
        "coordinates": [
          [
            15.8911739,
            54.0305982
          ],
          [
            15.8913182,
            54.0305339
          ]
        ]
      },
      "id": "way/1180261586"
    },
    {
      "type": "Feature",
      "properties": {
        "@id": "way/1180261587",
        "highway": "track",
        "surface": "asphalt",
        "tracktype": "grade2"
      },
      "geometry": {
        "type": "LineString",
        "coordinates": [
          [
            15.88294,
            54.0302902
          ],
          [
            15.882968,
            54.0303316
          ]
        ]
      },
      "id": "way/1180261587"
    },
    {
      "type": "Feature",
      "properties": {
        "@id": "way/1180261588",
        "foot": "yes",
        "highway": "cycleway",
        "lit": "no",
        "segregated": "no",
        "surface": "asphalt"
      },
      "geometry": {
        "type": "LineString",
        "coordinates": [
          [
            15.8796314,
            54.0320395
          ],
          [
            15.879713,
            54.0319217
          ],
          [
            15.8805721,
            54.0314345
          ],
          [
            15.8818485,
            54.0307098
          ],
          [
            15.882036,
            54.0306194
          ],
          [
            15.8823322,
            54.030488
          ],
          [
            15.8826159,
            54.0303839
          ],
          [
            15.88294,
            54.0302902
          ]
        ]
      },
      "id": "way/1180261588"
    },
    {
      "type": "Feature",
      "properties": {
        "@id": "way/1180261589",
        "highway": "track",
        "surface": "ground",
        "tracktype": "grade4"
      },
      "geometry": {
        "type": "LineString",
        "coordinates": [
          [
            15.8865334,
            54.0334088
          ],
          [
            15.8860866,
            54.0334646
          ],
          [
            15.8859693,
            54.0335335
          ],
          [
            15.8859526,
            54.0336056
          ],
          [
            15.8858095,
            54.035534
          ],
          [
            15.8858532,
            54.0361458
          ],
          [
            15.885957,
            54.0363466
          ]
        ]
      },
      "id": "way/1180261589"
    },
    {
      "type": "Feature",
      "properties": {
        "@id": "way/1180261591",
        "highway": "track",
        "surface": "ground",
        "tracktype": "grade2"
      },
      "geometry": {
        "type": "LineString",
        "coordinates": [
          [
            15.8900153,
            54.0329308
          ],
          [
            15.8900896,
            54.03301
          ],
          [
            15.8902446,
            54.0330723
          ],
          [
            15.8905825,
            54.0331215
          ],
          [
            15.8906988,
            54.0331887
          ],
          [
            15.8907485,
            54.0332805
          ],
          [
            15.8907688,
            54.0335237
          ],
          [
            15.8907621,
            54.0338567
          ],
          [
            15.8907562,
            54.0340708
          ],
          [
            15.8908388,
            54.0341824
          ],
          [
            15.8908713,
            54.0343153
          ],
          [
            15.8909548,
            54.0343353
          ],
          [
            15.8910105,
            54.0343201
          ],
          [
            15.8910365,
            54.0342696
          ],
          [
            15.8909649,
            54.0341999
          ],
          [
            15.8908388,
            54.0341824
          ]
        ]
      },
      "id": "way/1180261591"
    },
    {
      "type": "Feature",
      "properties": {
        "@id": "way/1180261592",
        "highway": "track",
        "surface": "concrete:lanes",
        "tracktype": "grade1"
      },
      "geometry": {
        "type": "LineString",
        "coordinates": [
          [
            15.8902328,
            54.0310218
          ],
          [
            15.8900153,
            54.0329308
          ]
        ]
      },
      "id": "way/1180261592"
    },
    {
      "type": "Feature",
      "properties": {
        "@id": "way/1188653019",
        "highway": "service",
        "service": "driveway",
        "surface": "unpaved"
      },
      "geometry": {
        "type": "LineString",
        "coordinates": [
          [
            15.9026638,
            54.0296044
          ],
          [
            15.902777,
            54.0294757
          ],
          [
            15.9029551,
            54.0294362
          ],
          [
            15.9030967,
            54.0294361
          ],
          [
            15.9035492,
            54.0296302
          ]
        ]
      },
      "id": "way/1188653019"
    },
    {
      "type": "Feature",
      "properties": {
        "@id": "way/1222049390",
        "highway": "track",
        "surface": "asphalt",
        "tracktype": "grade2"
      },
      "geometry": {
        "type": "LineString",
        "coordinates": [
          [
            15.8928777,
            54.0301585
          ],
          [
            15.8928405,
            54.0301358
          ],
          [
            15.8927494,
            54.0301254
          ],
          [
            15.8926134,
            54.0301185
          ],
          [
            15.8913168,
            54.0301209
          ]
        ]
      },
      "id": "way/1222049390"
    },
    {
      "type": "Feature",
      "properties": {
        "@id": "way/1222049391",
        "bicycle": "designated",
        "foot": "designated",
        "highway": "path",
        "lit": "yes",
        "segregated": "no",
        "smoothness": "excellent",
        "surface": "asphalt"
      },
      "geometry": {
        "type": "LineString",
        "coordinates": [
          [
            15.9020016,
            54.0300163
          ],
          [
            15.901647,
            54.0300665
          ],
          [
            15.9013432,
            54.0300767
          ],
          [
            15.9004767,
            54.0300702
          ]
        ]
      },
      "id": "way/1222049391"
    },
    {
      "type": "Feature",
      "properties": {
        "@id": "way/1235503749",
        "highway": "tertiary",
        "lanes": "1",
        "lit": "yes",
        "maxspeed:type": "PL:rural",
        "noname": "yes",
        "oneway": "yes",
        "sidewalk": "no",
        "surface": "asphalt",
        "turn:lanes": "left;through;right"
      },
      "geometry": {
        "type": "LineString",
        "coordinates": [
          [
            15.8911508,
            54.0308861
          ],
          [
            15.8913043,
            54.0307939
          ],
          [
            15.8913726,
            54.0307528
          ]
        ]
      },
      "id": "way/1235503749"
    },
    {
      "type": "Feature",
      "properties": {
        "@id": "way/1235503750",
        "highway": "secondary",
        "highway:category:pl": "2",
        "lanes": "3",
        "lanes:backward": "2",
        "lanes:forward": "1",
        "maxaxleload": "11.5",
        "maxspeed:backward": "70",
        "maxspeed:forward": "70",
        "old_ref": "6",
        "overtaking": "no",
        "ref": "112;163",
        "source:maxaxleload": "Dz.U. 2011 nr 222 poz. 1321 Art. 2 pkt. 11",
        "source:maxspeed:backward": "sign",
        "source:maxspeed:forward": "sign",
        "surface": "asphalt",
        "turn:lanes:backward": "none|merge_to_left"
      },
      "geometry": {
        "type": "LineString",
        "coordinates": [
          [
            15.8941673,
            54.0326651
          ],
          [
            15.8935278,
            54.0321624
          ],
          [
            15.8928292,
            54.0316264
          ]
        ]
      },
      "id": "way/1235503750"
    },
    {
      "type": "Feature",
      "properties": {
        "@id": "way/1235503751",
        "bicycle": "no",
        "highway": "secondary",
        "highway:category:pl": "2",
        "lanes": "3",
        "lanes:backward": "1",
        "lanes:forward": "2",
        "lit": "yes",
        "maxaxleload": "10",
        "maxspeed:backward": "90",
        "maxspeed:bus:backward": "70",
        "maxspeed:forward": "50",
        "maxspeed:hgv:backward": "70",
        "maxspeed:trailer:backward": "70",
        "ref": "163",
        "source:maxaxleload": "Rozporządzenie Ministra Transportu, Budownictwa i Gospodarki Morskiej z dnia 6 września 2012 r",
        "source:maxaxleload:url": "http://dziennikustaw.gov.pl/du/2012/1061/D2012000106101.pdf",
        "source:maxspeed:backward": "PL:rural",
        "source:maxspeed:forward": "sign",
        "surface": "asphalt",
        "turn:lanes:forward": "left;through|right"
      },
      "geometry": {
        "type": "LineString",
        "coordinates": [
          [
            15.8926365,
            54.0302621
          ],
          [
            15.8924209,
            54.0303384
          ],
          [
            15.8922749,
            54.0303987
          ],
          [
            15.8921057,
            54.0304725
          ]
        ]
      },
      "id": "way/1235503751"
    },
    {
      "type": "Feature",
      "properties": {
        "@id": "way/1280791457",
        "highway": "track",
        "surface": "asphalt",
        "tracktype": "grade1"
      },
      "geometry": {
        "type": "LineString",
        "coordinates": [
          [
            15.9066494,
            54.0288556
          ],
          [
            15.9066939,
            54.0288719
          ],
          [
            15.9067137,
            54.0288907
          ],
          [
            15.9067665,
            54.0289595
          ],
          [
            15.9068024,
            54.0290114
          ],
          [
            15.9068326,
            54.0290561
          ]
        ]
      },
      "id": "way/1280791457"
    },
    {
      "type": "Feature",
      "properties": {
        "@id": "way/1281989432",
        "highway": "residential",
        "surface": "asphalt"
      },
      "geometry": {
        "type": "LineString",
        "coordinates": [
          [
            15.899072,
            54.0301322
          ],
          [
            15.8990805,
            54.0300097
          ],
          [
            15.8991076,
            54.0296634
          ]
        ]
      },
      "id": "way/1281989432"
    },
    {
      "type": "Feature",
      "properties": {
        "@id": "way/1378268671",
        "highway": "service"
      },
      "geometry": {
        "type": "LineString",
        "coordinates": [
          [
            15.9012648,
            54.0278926
          ],
          [
            15.900215,
            54.0276299
          ],
          [
            15.9001257,
            54.0276275
          ]
        ]
      },
      "id": "way/1378268671"
    },
    {
      "type": "Feature",
      "properties": {
        "@id": "way/1378268672",
        "highway": "service",
        "service": "driveway"
      },
      "geometry": {
        "type": "LineString",
        "coordinates": [
          [
            15.9010893,
            54.027263
          ],
          [
            15.9014781,
            54.0272646
          ]
        ]
      },
      "id": "way/1378268672"
    },
    {
      "type": "Feature",
      "properties": {
        "@id": "way/1378268673",
        "highway": "service"
      },
      "geometry": {
        "type": "LineString",
        "coordinates": [
          [
            15.9023299,
            54.0261783
          ],
          [
            15.9009066,
            54.0258362
          ]
        ]
      },
      "id": "way/1378268673"
    },
    {
      "type": "Feature",
      "properties": {
        "@id": "way/1378268674",
        "highway": "service"
      },
      "geometry": {
        "type": "LineString",
        "coordinates": [
          [
            15.9020722,
            54.0255638
          ],
          [
            15.9013459,
            54.0253637
          ]
        ]
      },
      "id": "way/1378268674"
    },
    {
      "type": "Feature",
      "properties": {
        "@id": "way/1378268676",
        "highway": "residential",
        "tracktype": "grade3"
      },
      "geometry": {
        "type": "LineString",
        "coordinates": [
          [
            15.9036262,
            54.023196
          ],
          [
            15.9043399,
            54.0232048
          ],
          [
            15.9048457,
            54.0232172
          ],
          [
            15.9052897,
            54.0232084
          ],
          [
            15.9057586,
            54.0231351
          ],
          [
            15.906023,
            54.0231351
          ],
          [
            15.9065818,
            54.0232172
          ]
        ]
      },
      "id": "way/1378268676"
    },
    {
      "type": "Feature",
      "properties": {
        "@id": "way/1378268677",
        "highway": "residential"
      },
      "geometry": {
        "type": "LineString",
        "coordinates": [
          [
            15.89836,
            54.0238902
          ],
          [
            15.8983423,
            54.0238267
          ],
          [
            15.8979393,
            54.0233472
          ],
          [
            15.8978373,
            54.0231195
          ],
          [
            15.8975771,
            54.0226398
          ],
          [
            15.8972405,
            54.0221336
          ],
          [
            15.8967439,
            54.0215034
          ],
          [
            15.896641,
            54.0213264
          ],
          [
            15.8965914,
            54.0211597
          ],
          [
            15.8966561,
            54.0209088
          ],
          [
            15.8966641,
            54.0208779
          ]
        ]
      },
      "id": "way/1378268677"
    },
    {
      "type": "Feature",
      "properties": {
        "@id": "way/1378268678",
        "highway": "service"
      },
      "geometry": {
        "type": "LineString",
        "coordinates": [
          [
            15.8966561,
            54.0209088
          ],
          [
            15.8973321,
            54.0205545
          ]
        ]
      },
      "id": "way/1378268678"
    },
    {
      "type": "Feature",
      "properties": {
        "@id": "way/1378268679",
        "highway": "service"
      },
      "geometry": {
        "type": "LineString",
        "coordinates": [
          [
            15.8932344,
            54.0230088
          ],
          [
            15.8936058,
            54.0229531
          ],
          [
            15.8937271,
            54.0229264
          ],
          [
            15.894091,
            54.0229286
          ],
          [
            15.8946821,
            54.0228162
          ]
        ]
      },
      "id": "way/1378268679"
    },
    {
      "type": "Feature",
      "properties": {
        "@id": "way/1378268680",
        "highway": "service"
      },
      "geometry": {
        "type": "LineString",
        "coordinates": [
          [
            15.8942654,
            54.0244296
          ],
          [
            15.8942047,
            54.0242445
          ],
          [
            15.8940152,
            54.0241733
          ],
          [
            15.893295,
            54.0240976
          ]
        ]
      },
      "id": "way/1378268680"
    },
    {
      "type": "Feature",
      "properties": {
        "@id": "way/1378268681",
        "highway": "service"
      },
      "geometry": {
        "type": "LineString",
        "coordinates": [
          [
            15.8940912,
            54.0244317
          ],
          [
            15.8934049,
            54.0244427
          ]
        ]
      },
      "id": "way/1378268681"
    },
    {
      "type": "Feature",
      "properties": {
        "@id": "way/1378268682",
        "highway": "residential",
        "tracktype": "grade5"
      },
      "geometry": {
        "type": "LineString",
        "coordinates": [
          [
            15.8961096,
            54.0341227
          ],
          [
            15.8954758,
            54.034319
          ]
        ]
      },
      "id": "way/1378268682"
    },
    {
      "type": "Feature",
      "properties": {
        "@id": "way/1378268689",
        "highway": "service"
      },
      "geometry": {
        "type": "LineString",
        "coordinates": [
          [
            15.9043227,
            54.0234951
          ],
          [
            15.9043635,
            54.0233136
          ],
          [
            15.9043399,
            54.0232048
          ]
        ]
      },
      "id": "way/1378268689"
    },
    {
      "type": "Feature",
      "properties": {
        "@id": "way/1393244056",
        "destination": "Wałcz",
        "destination:colour": "green",
        "destination:ref": "163",
        "highway": "secondary_link",
        "highway:category:pl": "2",
        "lanes": "1",
        "lit": "yes",
        "maxaxleload": "10",
        "maxspeed": "50",
        "oneway": "yes",
        "source:maxaxleload": "Rozporządzenie Ministra Transportu, Budownictwa i Gospodarki Morskiej z dnia 6 września 2012 r",
        "source:maxaxleload:url": "http://dziennikustaw.gov.pl/du/2012/1061/D2012000106101.pdf",
        "source:maxspeed": "sign",
        "surface": "asphalt",
        "turn:lanes": "right"
      },
      "geometry": {
        "type": "LineString",
        "coordinates": [
          [
            15.8913474,
            54.0304278
          ],
          [
            15.8914491,
            54.0304775
          ],
          [
            15.8915219,
            54.0305131
          ],
          [
            15.8917093,
            54.0305346
          ],
          [
            15.8918395,
            54.03053
          ]
        ]
      },
      "id": "way/1393244056"
    },
    {
      "type": "Feature",
      "properties": {
        "@id": "way/1423616356",
        "highway": "service",
        "service": "driveway"
      },
      "geometry": {
        "type": "LineString",
        "coordinates": [
          [
            15.9020202,
            54.0302384
          ],
          [
            15.9022191,
            54.0301629
          ],
          [
            15.9023884,
            54.030114
          ]
        ]
      },
      "id": "way/1423616356"
    },
    {
      "type": "Feature",
      "properties": {
        "@id": "way/1423616357",
        "highway": "footway",
        "lit": "yes",
        "surface": "paving_stones"
      },
      "geometry": {
        "type": "LineString",
        "coordinates": [
          [
            15.8991414,
            54.0299957
          ],
          [
            15.8991549,
            54.030041
          ],
          [
            15.8992014,
            54.0300652
          ],
          [
            15.8992561,
            54.0300811
          ],
          [
            15.8992975,
            54.030081
          ],
          [
            15.8994778,
            54.0300619
          ],
          [
            15.8997417,
            54.0300603
          ],
          [
            15.8999125,
            54.0300737
          ],
          [
            15.8999966,
            54.0300711
          ]
        ]
      },
      "id": "way/1423616357"
    },
    {
      "type": "Feature",
      "properties": {
        "@id": "way/1423616358",
        "highway": "service",
        "service": "driveway",
        "surface": "asphalt"
      },
      "geometry": {
        "type": "LineString",
        "coordinates": [
          [
            15.9035492,
            54.0296302
          ],
          [
            15.9035958,
            54.0296575
          ],
          [
            15.9036703,
            54.0297624
          ]
        ]
      },
      "id": "way/1423616358"
    },
    {
      "type": "Feature",
      "properties": {
        "@id": "way/1423616359",
        "access": "private",
        "highway": "service",
        "service": "driveway",
        "surface": "asphalt"
      },
      "geometry": {
        "type": "LineString",
        "coordinates": [
          [
            15.901822,
            54.0299581
          ],
          [
            15.9019447,
            54.029983
          ],
          [
            15.9020016,
            54.0300163
          ],
          [
            15.9020332,
            54.0300851
          ]
        ]
      },
      "id": "way/1423616359"
    },
    {
      "type": "Feature",
      "properties": {
        "@id": "way/1423616360",
        "highway": "track",
        "surface": "asphalt",
        "tracktype": "grade1"
      },
      "geometry": {
        "type": "LineString",
        "coordinates": [
          [
            15.9173968,
            54.026543
          ],
          [
            15.9173761,
            54.02658
          ],
          [
            15.9173701,
            54.026617
          ],
          [
            15.9174122,
            54.0266888
          ]
        ]
      },
      "id": "way/1423616360"
    },
    {
      "type": "Feature",
      "properties": {
        "@id": "way/1423616364",
        "highway": "track",
        "surface": "asphalt",
        "tracktype": "grade1"
      },
      "geometry": {
        "type": "LineString",
        "coordinates": [
          [
            15.9231854,
            54.0252421
          ],
          [
            15.9231704,
            54.0252816
          ],
          [
            15.9231701,
            54.0253107
          ],
          [
            15.9231802,
            54.0253552
          ],
          [
            15.9232031,
            54.0253977
          ]
        ]
      },
      "id": "way/1423616364"
    },
    {
      "type": "Feature",
      "properties": {
        "@id": "way/1455278291",
        "highway": "secondary",
        "highway:category:pl": "2",
        "lanes": "3",
        "lanes:backward": "2",
        "lanes:forward": "1",
        "maxaxleload": "11.5",
        "maxspeed:backward": "70",
        "maxspeed:forward": "50",
        "old_ref": "6",
        "overtaking": "no",
        "ref": "112;163",
        "source:maxaxleload": "Dz.U. 2011 nr 222 poz. 1321 Art. 2 pkt. 11",
        "source:maxspeed:backward": "sign",
        "source:maxspeed:forward": "sign",
        "surface": "asphalt",
        "turn:lanes:backward": "none|merge_to_left"
      },
      "geometry": {
        "type": "LineString",
        "coordinates": [
          [
            15.8928292,
            54.0316264
          ],
          [
            15.8926453,
            54.0314837
          ]
        ]
      },
      "id": "way/1455278291"
    },
    {
      "type": "Feature",
      "properties": {
        "@id": "way/1455278292",
        "highway": "secondary",
        "highway:category:pl": "4",
        "lanes": "2",
        "lit": "no",
        "maxaxleload": "11.5",
        "maxspeed:backward": "50",
        "maxspeed:bus:forward": "70",
        "maxspeed:forward": "90",
        "maxspeed:hgv:forward": "70",
        "maxspeed:trailer:forward": "70",
        "old_ref": "6",
        "ref": "112",
        "source:maxaxleload": "Dz.U. 2011 nr 222 poz. 1321 Art. 2 pkt. 11",
        "source:maxspeed:backward": "sign",
        "source:maxspeed:forward": "PL:rural",
        "surface": "asphalt"
      },
      "geometry": {
        "type": "LineString",
        "coordinates": [
          [
            15.8906228,
            54.0299646
          ],
          [
            15.890304,
            54.0297741
          ]
        ]
      },
      "id": "way/1455278292"
    }
  ]
}
